{"cameraMode":{"drawMode":0,"name":"Shaded","section":"Shading Mode"},"sceneLighting":false,"audioPlay":false,"sceneViewState":{"showFog":true,"showMaterialUpdate":false,"showSkybox":false,"showFlares":true,"showImageEffects":true,"showParticleSystems":true},"in2DMode":false,"pivot":{"x":3.2334868907928469,"y":0.03328176960349083,"z":-2.3795957565307619},"rotation":{"x":0.024064989760518075,"y":0.9756345152854919,"z":-0.15212564170360566,"w":0.15644781291484834},"size":2.2369942665100099,"orthographic":false}