{"cameraMode":{"drawMode":0,"name":"Shaded","section":"Shading Mode"},"sceneLighting":false,"audioPlay":false,"sceneViewState":{"showFog":true,"showMaterialUpdate":false,"showSkybox":false,"showFlares":true,"showImageEffects":true,"showParticleSystems":true},"in2DMode":false,"pivot":{"x":5.993777275085449,"y":0.9345513582229614,"z":-0.03772646188735962},"rotation":{"x":0.024064989760518075,"y":0.9756345152854919,"z":-0.15212564170360566,"w":0.15644781291484834},"size":1.8369430303573609,"orthographic":false}