{"cameraMode":{"drawMode":0,"name":"Shaded","section":"Shading Mode"},"sceneLighting":false,"audioPlay":false,"sceneViewState":{"showFog":true,"showMaterialUpdate":false,"showSkybox":false,"showFlares":true,"showImageEffects":true,"showParticleSystems":true},"in2DMode":false,"pivot":{"x":10.216999053955079,"y":7.233081817626953,"z":-23.114227294921876},"rotation":{"x":0.14332060515880586,"y":-0.341502845287323,"z":0.052726540714502338,"w":0.9274103045463562},"size":14.326460838317871,"orthographic":false}