{"cameraMode":{"drawMode":0,"name":"Shaded","section":"Shading Mode"},"sceneLighting":false,"audioPlay":false,"sceneViewState":{"showFog":true,"showMaterialUpdate":false,"showSkybox":false,"showFlares":true,"showImageEffects":true,"showParticleSystems":true},"in2DMode":false,"pivot":{"x":4.99721097946167,"y":0.8961524963378906,"z":-2.559903860092163},"rotation":{"x":0.024064989760518075,"y":0.9756345152854919,"z":-0.15212564170360566,"w":0.15644781291484834},"size":2.260319709777832,"orthographic":false}