{"cameraMode":{"drawMode":0,"name":"Shaded","section":"Shading Mode"},"sceneLighting":false,"audioPlay":false,"sceneViewState":{"showFog":true,"showMaterialUpdate":false,"showSkybox":false,"showFlares":true,"showImageEffects":true,"showParticleSystems":true},"in2DMode":false,"pivot":{"x":-1.116928219795227,"y":2.046213388442993,"z":1.473747730255127},"rotation":{"x":0.05288289859890938,"y":0.9069719314575195,"z":-0.12066908180713654,"w":0.40013638138771059},"size":0.9575825333595276,"orthographic":false}